{
  "config": {
    "file": "C:\\Users\\alxnt\\Downloads\\d5ae29c4-33c6-11f1-b1e7-6dda37cfa7b9\\binance_api_BTCUSDT_1m.csv",
    "start": null,
    "end": null,
    "bankroll": 500.0,
    "max_bet": 25.0,
    "tp": 0.5,
    "sl": 0.35
  },
  "summary": {
    "total_trades": 796,
    "win_rate": 90.45,
    "total_pnl": 7073.2575,
    "return_pct": 1414.65,
    "max_drawdown": 2.27,
    "sharpe_ratio": 1.2221,
    "profit_factor": 9.5818,
    "avg_win": 10.9687,
    "avg_loss": -10.845,
    "avg_win_pct": 50.76,
    "avg_loss_pct": -53.36,
    "best_trade": 25.0,
    "worst_trade": -25.0,
    "avg_hold_min": 15.0,
    "exit_reasons": {
      "take_profit": 691,
      "expired": 50,
      "stop_loss": 55
    },
    "yes_count": 380,
    "no_count": 416,
    "yes_win_rate": 87.89,
    "no_win_rate": 92.79,
    "regime_stats": {
      "VOLATILE": {
        "count": 639,
        "pct": 80.3,
        "win_rate": 91.9,
        "pnl": 6285.89
      },
      "TRENDING": {
        "count": 157,
        "pct": 19.7,
        "win_rate": 84.7,
        "pnl": 787.37
      },
      "CHOPPY": {
        "count": 0,
        "pct": 0.0,
        "win_rate": 0.0,
        "pnl": 0
      }
    }
  },
  "monthly": {
    "2017-08": {
      "trades": 14,
      "wins": 9,
      "pnl": 67.3451,
      "win_rate": 64.28571428571429
    },
    "2018-02": {
      "trades": 8,
      "wins": 8,
      "pnl": 80.9621,
      "win_rate": 100.0
    },
    "2018-03": {
      "trades": 26,
      "wins": 23,
      "pnl": 215.12739999999997,
      "win_rate": 88.46153846153845
    },
    "2018-04": {
      "trades": 12,
      "wins": 10,
      "pnl": 83.57879999999999,
      "win_rate": 83.33333333333334
    },
    "2018-05": {
      "trades": 14,
      "wins": 12,
      "pnl": 125.09570000000001,
      "win_rate": 85.71428571428571
    },
    "2018-06": {
      "trades": 2,
      "wins": 2,
      "pnl": 10.716000000000001,
      "win_rate": 100.0
    },
    "2018-07": {
      "trades": 12,
      "wins": 11,
      "pnl": 110.99610000000001,
      "win_rate": 91.66666666666666
    },
    "2018-08": {
      "trades": 11,
      "wins": 11,
      "pnl": 101.5414,
      "win_rate": 100.0
    },
    "2018-09": {
      "trades": 4,
      "wins": 3,
      "pnl": 25.825799999999997,
      "win_rate": 75.0
    },
    "2018-10": {
      "trades": 2,
      "wins": 1,
      "pnl": -7.025,
      "win_rate": 50.0
    },
    "2018-11": {
      "trades": 12,
      "wins": 10,
      "pnl": 92.31739999999999,
      "win_rate": 83.33333333333334
    },
    "2018-12": {
      "trades": 6,
      "wins": 6,
      "pnl": 68.4759,
      "win_rate": 100.0
    },
    "2019-01": {
      "trades": 11,
      "wins": 11,
      "pnl": 142.6945,
      "win_rate": 100.0
    },
    "2019-02": {
      "trades": 2,
      "wins": 2,
      "pnl": 18.6159,
      "win_rate": 100.0
    },
    "2019-04": {
      "trades": 4,
      "wins": 3,
      "pnl": 20.6926,
      "win_rate": 75.0
    },
    "2019-05": {
      "trades": 20,
      "wins": 20,
      "pnl": 172.4123,
      "win_rate": 100.0
    },
    "2019-06": {
      "trades": 19,
      "wins": 17,
      "pnl": 163.0775,
      "win_rate": 89.47368421052632
    },
    "2019-07": {
      "trades": 18,
      "wins": 18,
      "pnl": 195.22409999999996,
      "win_rate": 100.0
    },
    "2019-08": {
      "trades": 8,
      "wins": 4,
      "pnl": 20.039699999999996,
      "win_rate": 50.0
    },
    "2019-09": {
      "trades": 14,
      "wins": 8,
      "pnl": -33.3665,
      "win_rate": 57.14285714285714
    },
    "2019-10": {
      "trades": 16,
      "wins": 14,
      "pnl": 107.87650000000002,
      "win_rate": 87.5
    },
    "2019-11": {
      "trades": 12,
      "wins": 12,
      "pnl": 143.45180000000002,
      "win_rate": 100.0
    },
    "2019-12": {
      "trades": 12,
      "wins": 11,
      "pnl": 111.7759,
      "win_rate": 91.66666666666666
    },
    "2020-01": {
      "trades": 12,
      "wins": 12,
      "pnl": 122.8989,
      "win_rate": 100.0
    },
    "2020-02": {
      "trades": 2,
      "wins": 2,
      "pnl": 24.9592,
      "win_rate": 100.0
    },
    "2020-03": {
      "trades": 17,
      "wins": 14,
      "pnl": 164.8512,
      "win_rate": 82.35294117647058
    },
    "2020-04": {
      "trades": 6,
      "wins": 6,
      "pnl": 47.6518,
      "win_rate": 100.0
    },
    "2020-05": {
      "trades": 8,
      "wins": 6,
      "pnl": 38.647,
      "win_rate": 75.0
    },
    "2020-06": {
      "trades": 4,
      "wins": 4,
      "pnl": 43.579499999999996,
      "win_rate": 100.0
    },
    "2020-07": {
      "trades": 2,
      "wins": 2,
      "pnl": 18.6162,
      "win_rate": 100.0
    },
    "2020-08": {
      "trades": 8,
      "wins": 8,
      "pnl": 99.975,
      "win_rate": 100.0
    },
    "2020-09": {
      "trades": 6,
      "wins": 5,
      "pnl": 41.8044,
      "win_rate": 83.33333333333334
    },
    "2020-10": {
      "trades": 4,
      "wins": 4,
      "pnl": 43.5836,
      "win_rate": 100.0
    },
    "2020-11": {
      "trades": 12,
      "wins": 10,
      "pnl": 94.4715,
      "win_rate": 83.33333333333334
    },
    "2020-12": {
      "trades": 16,
      "wins": 13,
      "pnl": 128.767,
      "win_rate": 81.25
    },
    "2021-01": {
      "trades": 22,
      "wins": 19,
      "pnl": 190.0814,
      "win_rate": 86.36363636363636
    },
    "2021-02": {
      "trades": 11,
      "wins": 9,
      "pnl": 46.26769999999999,
      "win_rate": 81.81818181818183
    },
    "2021-03": {
      "trades": 20,
      "wins": 20,
      "pnl": 224.54389999999998,
      "win_rate": 100.0
    },
    "2021-04": {
      "trades": 2,
      "wins": 2,
      "pnl": 16.7609,
      "win_rate": 100.0
    },
    "2021-05": {
      "trades": 17,
      "wins": 16,
      "pnl": 174.56310000000002,
      "win_rate": 94.11764705882352
    },
    "2021-06": {
      "trades": 14,
      "wins": 12,
      "pnl": 111.7521,
      "win_rate": 85.71428571428571
    },
    "2021-07": {
      "trades": 8,
      "wins": 5,
      "pnl": 19.9909,
      "win_rate": 62.5
    },
    "2021-08": {
      "trades": 10,
      "wins": 10,
      "pnl": 121.3652,
      "win_rate": 100.0
    },
    "2021-09": {
      "trades": 19,
      "wins": 19,
      "pnl": 194.89870000000002,
      "win_rate": 100.0
    },
    "2021-10": {
      "trades": 12,
      "wins": 12,
      "pnl": 141.72549999999998,
      "win_rate": 100.0
    },
    "2021-11": {
      "trades": 12,
      "wins": 10,
      "pnl": 99.16440000000001,
      "win_rate": 83.33333333333334
    },
    "2021-12": {
      "trades": 6,
      "wins": 6,
      "pnl": 65.4643,
      "win_rate": 100.0
    },
    "2022-01": {
      "trades": 18,
      "wins": 17,
      "pnl": 158.5674,
      "win_rate": 94.44444444444444
    },
    "2022-02": {
      "trades": 6,
      "wins": 6,
      "pnl": 62.19540000000001,
      "win_rate": 100.0
    },
    "2022-03": {
      "trades": 10,
      "wins": 10,
      "pnl": 127.7109,
      "win_rate": 100.0
    },
    "2022-04": {
      "trades": 16,
      "wins": 15,
      "pnl": 116.5319,
      "win_rate": 93.75
    },
    "2022-05": {
      "trades": 28,
      "wins": 27,
      "pnl": 271.65079999999995,
      "win_rate": 96.42857142857143
    },
    "2022-06": {
      "trades": 6,
      "wins": 6,
      "pnl": 60.2632,
      "win_rate": 100.0
    },
    "2022-07": {
      "trades": 18,
      "wins": 17,
      "pnl": 193.446,
      "win_rate": 94.44444444444444
    },
    "2022-08": {
      "trades": 8,
      "wins": 8,
      "pnl": 80.81190000000001,
      "win_rate": 100.0
    },
    "2022-09": {
      "trades": 18,
      "wins": 18,
      "pnl": 208.43679999999998,
      "win_rate": 100.0
    },
    "2022-10": {
      "trades": 10,
      "wins": 9,
      "pnl": 89.40119999999999,
      "win_rate": 90.0
    },
    "2022-11": {
      "trades": 4,
      "wins": 2,
      "pnl": 5.490499999999999,
      "win_rate": 50.0
    },
    "2022-12": {
      "trades": 2,
      "wins": 1,