{
  "config": {
    "file": "DOGEUSDT_1m.csv",
    "start": null,
    "end": null,
    "bankroll": 500.0,
    "max_bet": 5.0,
    "tp": 0.65,
    "sl": 0.7
  },
  "summary": {
    "total_trades": 1289,
    "win_rate": 66.41,
    "total_pnl": 1923.5647,
    "return_pct": 384.71,
    "max_drawdown": 1.75,
    "sharpe_ratio": 0.3164,
    "profit_factor": 2.9134,
    "avg_win": 3.4216,
    "avg_loss": -2.3218,
    "avg_win_pct": 102.01,
    "avg_loss_pct": -78.41,
    "best_trade": 94.05,
    "worst_trade": -5.0,
    "avg_hold_min": 15.0,
    "exit_reasons": {
      "take_profit": 378,
      "expired": 397,
      "expired_tp": 325,
      "stop_loss": 189
    },
    "yes_count": 687,
    "no_count": 602,
    "yes_win_rate": 64.77,
    "no_win_rate": 68.27,
    "regime_stats": {
      "VOLATILE": {
        "count": 991,
        "pct": 76.9,
        "win_rate": 69.2,
        "pnl": 1707.42
      },
      "TRENDING": {
        "count": 298,
        "pct": 23.1,
        "win_rate": 57.0,
        "pnl": 216.14
      },
      "CHOPPY": {
        "count": 0,
        "pct": 0.0,
        "win_rate": 0.0,
        "pnl": 0
      }
    },
    "mode": "STANDARD"
  },
  "monthly": {
    "2024-04": {
      "trades": 63,
      "wins": 47,
      "pnl": 139.43959999999998,
      "win_rate": 74.60317460317461
    },
    "2024-05": {
      "trades": 122,
      "wins": 83,
      "pnl": 259.5868,
      "win_rate": 68.0327868852459
    },
    "2024-06": {
      "trades": 33,
      "wins": 23,
      "pnl": 49.40829999999999,
      "win_rate": 69.6969696969697
    },
    "2024-07": {
      "trades": 58,
      "wins": 43,
      "pnl": 113.14620000000001,
      "win_rate": 74.13793103448276
    },
    "2024-08": {
      "trades": 33,
      "wins": 22,
      "pnl": 37.754400000000004,
      "win_rate": 66.66666666666666
    },
    "2024-09": {
      "trades": 20,
      "wins": 12,
      "pnl": 9.992700000000001,
      "win_rate": 60.0
    },
    "2024-10": {
      "trades": 108,
      "wins": 74,
      "pnl": 189.732,
      "win_rate": 68.51851851851852
    },
    "2024-11": {
      "trades": 75,
      "wins": 50,
      "pnl": 92.4333,
      "win_rate": 66.66666666666666
    },
    "2024-12": {
      "trades": 81,
      "wins": 50,
      "pnl": 89.3044,
      "win_rate": 61.72839506172839
    },
    "2025-01": {
      "trades": 68,
      "wins": 44,
      "pnl": 52.3284,
      "win_rate": 64.70588235294117
    },
    "2025-02": {
      "trades": 55,
      "wins": 37,
      "pnl": 61.60260000000003,
      "win_rate": 67.27272727272727
    },
    "2025-03": {
      "trades": 62,
      "wins": 46,
      "pnl": 149.86509999999998,
      "win_rate": 74.19354838709677
    },
    "2025-04": {
      "trades": 138,
      "wins": 102,
      "pnl": 249.92159999999996,
      "win_rate": 73.91304347826086
    },
    "2025-05": {
      "trades": 60,
      "wins": 43,
      "pnl": 103.93700000000001,
      "win_rate": 71.66666666666667
    },
    "2025-06": {
      "trades": 18,
      "wins": 10,
      "pnl": 28.7046,
      "win_rate": 55.55555555555556
    },
    "2025-07": {
      "trades": 28,
      "wins": 13,
      "pnl": 29.0457,
      "win_rate": 46.42857142857143
    },
    "2025-08": {
      "trades": 70,
      "wins": 37,
      "pnl": 26.121499999999997,
      "win_rate": 52.85714285714286
    },
    "2025-09": {
      "trades": 40,
      "wins": 26,
      "pnl": 44.751499999999986,
      "win_rate": 65.0
    },
    "2025-10": {
      "trades": 18,
      "wins": 10,
      "pnl": -10.7866,
      "win_rate": 55.55555555555556
    },
    "2025-12": {
      "trades": 4,
      "wins": 1,
      "pnl": -2.0564,
      "win_rate": 25.0
    },
    "2026-01": {
      "trades": 60,
      "wins": 32,
      "pnl": 40.053000000000004,
      "win_rate": 53.333333333333336
    },
    "2026-02": {
      "trades": 31,
      "wins": 25,
      "pnl": 139.1701,
      "win_rate": 80.64516129032258
    },
    "2026-03": {
      "trades": 44,
      "wins": 26,
      "pnl": 30.108899999999988,
      "win_rate": 59.09090909090909
    }
  }
}