{
  "config": {
    "file": "C:\\Users\\alxnt\\Downloads\\d5ae29c4-33c6-11f1-b1e7-6dda37cfa7b9\\binance_api_BTCUSDT_1m.csv",
    "start": null,
    "end": null,
    "bankroll": 500.0,
    "max_bet": 25.0,
    "tp": 0.5,
    "sl": 0.35
  },
  "summary": {
    "total_trades": 3457,
    "win_rate": 66.99,
    "total_pnl": 10364.9683,
    "return_pct": 2072.99,
    "max_drawdown": 8.9,
    "sharpe_ratio": 0.3384,
    "profit_factor": 2.1692,
    "avg_win": 8.3032,
    "avg_loss": -7.7698,
    "avg_win_pct": 52.29,
    "avg_loss_pct": -50.11,
    "best_trade": 30.219,
    "worst_trade": -25.0,
    "avg_hold_min": 15.0,
    "exit_reasons": {
      "take_profit": 2127,
      "expired": 475,
      "stop_loss": 855
    },
    "yes_count": 1862,
    "no_count": 1595,
    "yes_win_rate": 67.29,
    "no_win_rate": 66.65,
    "regime_stats": {
      "VOLATILE": {
        "count": 2490,
        "pct": 72.0,
        "win_rate": 68.9,
        "pnl": 8761.08
      },
      "TRENDING": {
        "count": 967,
        "pct": 28.0,
        "win_rate": 62.0,
        "pnl": 1603.89
      },
      "CHOPPY": {
        "count": 0,
        "pct": 0.0,
        "win_rate": 0.0,
        "pnl": 0
      }
    }
  },
  "monthly": {
    "2017-08": {
      "trades": 36,
      "wins": 24,
      "pnl": 95.75070000000001,
      "win_rate": 66.66666666666666
    },
    "2017-09": {
      "trades": 141,
      "wins": 93,
      "pnl": 467.6853999999999,
      "win_rate": 65.95744680851064
    },
    "2017-10": {
      "trades": 44,
      "wins": 29,
      "pnl": 165.07740000000004,
      "win_rate": 65.9090909090909
    },
    "2017-11": {
      "trades": 117,
      "wins": 88,
      "pnl": 465.81079999999986,
      "win_rate": 75.21367521367522
    },
    "2017-12": {
      "trades": 141,
      "wins": 96,
      "pnl": 563.2230999999998,
      "win_rate": 68.08510638297872
    },
    "2018-01": {
      "trades": 104,
      "wins": 62,
      "pnl": 246.08870000000007,
      "win_rate": 59.61538461538461
    },
    "2018-02": {
      "trades": 159,
      "wins": 114,
      "pnl": 729.3712999999998,
      "win_rate": 71.69811320754717
    },
    "2018-03": {
      "trades": 96,
      "wins": 78,
      "pnl": 507.0274,
      "win_rate": 81.25
    },
    "2018-04": {
      "trades": 38,
      "wins": 19,
      "pnl": 36.44339999999999,
      "win_rate": 50.0
    },
    "2018-05": {
      "trades": 18,
      "wins": 9,
      "pnl": -40.26880000000001,
      "win_rate": 50.0
    },
    "2018-07": {
      "trades": 30,
      "wins": 20,
      "pnl": 97.3574,
      "win_rate": 66.66666666666666
    },
    "2018-08": {
      "trades": 63,
      "wins": 46,
      "pnl": 204.7453000000001,
      "win_rate": 73.01587301587301
    },
    "2018-09": {
      "trades": 12,
      "wins": 4,
      "pnl": -35.7277,
      "win_rate": 33.33333333333333
    },
    "2018-10": {
      "trades": 10,
      "wins": 9,
      "pnl": 61.1229,
      "win_rate": 90.0
    },
    "2018-11": {
      "trades": 65,
      "wins": 43,
      "pnl": 168.27870000000004,
      "win_rate": 66.15384615384615
    },
    "2018-12": {
      "trades": 84,
      "wins": 60,
      "pnl": 275.4017,
      "win_rate": 71.42857142857143
    },
    "2019-01": {
      "trades": 33,
      "wins": 19,
      "pnl": 13.04009999999996,
      "win_rate": 57.57575757575758
    },
    "2019-04": {
      "trades": 14,
      "wins": 4,
      "pnl": -63.9029,
      "win_rate": 28.57142857142857
    },
    "2019-05": {
      "trades": 10,
      "wins": 6,
      "pnl": 23.385500000000004,
      "win_rate": 60.0
    },
    "2019-06": {
      "trades": 68,
      "wins": 52,
      "pnl": 322.89860000000004,
      "win_rate": 76.47058823529412
    },
    "2019-07": {
      "trades": 90,
      "wins": 67,
      "pnl": 392.0358000000001,
      "win_rate": 74.44444444444444
    },
    "2019-08": {
      "trades": 34,
      "wins": 22,
      "pnl": 106.0131,
      "win_rate": 64.70588235294117
    },
    "2019-09": {
      "trades": 16,
      "wins": 7,
      "pnl": -49.6727,
      "win_rate": 43.75
    },
    "2019-10": {
      "trades": 10,
      "wins": 5,
      "pnl": -5.863900000000001,
      "win_rate": 50.0
    },
    "2019-11": {
      "trades": 16,
      "wins": 8,
      "pnl": -11.480699999999993,
      "win_rate": 50.0
    },
    "2020-02": {
      "trades": 18,
      "wins": 10,
      "pnl": -8.074600000000004,
      "win_rate": 55.55555555555556
    },
    "2020-03": {
      "trades": 60,
      "wins": 35,
      "pnl": 158.72790000000003,
      "win_rate": 58.333333333333336
    },
    "2020-04": {
      "trades": 36,
      "wins": 25,
      "pnl": 151.39480000000003,
      "win_rate": 69.44444444444444
    },
    "2020-05": {
      "trades": 53,
      "wins": 35,
      "pnl": 150.1386,
      "win_rate": 66.0377358490566
    },
    "2020-06": {
      "trades": 6,
      "wins": 2,
      "pnl": -42.7084,
      "win_rate": 33.33333333333333
    },
    "2020-09": {
      "trades": 10,
      "wins": 6,
      "pnl": 28.281200000000005,
      "win_rate": 60.0
    },
    "2020-10": {
      "trades": 10,
      "wins": 10,
      "pnl": 89.17979999999999,
      "win_rate": 100.0
    },
    "2020-11": {
      "trades": 8,
      "wins": 4,
      "pnl": -8.265,
      "win_rate": 50.0
    },
    "2020-12": {
      "trades": 46,
      "wins": 36,
      "pnl": 229.12820000000008,
      "win_rate": 78.26086956521739
    },
    "2021-01": {
      "trades": 128,
      "wins": 85,
      "pnl": 479.21659999999997,
      "win_rate": 66.40625
    },
    "2021-02": {
      "trades": 57,
      "wins": 35,
      "pnl": 79.05879999999999,
      "win_rate": 61.40350877192983
    },
    "2021-03": {
      "trades": 50,
      "wins": 40,
      "pnl": 296.78430000000003,
      "win_rate": 80.0
    },
    "2021-04": {
      "trades": 77,
      "wins": 54,
      "pnl": 236.50890000000004,
      "win_rate": 70.12987012987013
    },
    "2021-05": {
      "trades": 99,
      "wins": 66,
      "pnl": 360.36539999999997,
      "win_rate": 66.66666666666666
    },
    "2021-06": {
      "trades": 12,
      "wins": 9,
      "pnl": 39.87819999999999,
      "win_rate": 75.0
    },
    "2021-07": {
      "trades": 66,
      "wins": 44,
      "pnl": 126.59540000000001,
      "win_rate": 66.66666666666666
    },
    "2021-08": {
      "trades": 24,
      "wins": 16,
      "pnl": 83.93039999999999,
      "win_rate": 66.66666666666666
    },
    "2021-09": {
      "trades": 66,
      "wins": 45,
      "pnl": 169.19810000000007,
      "win_rate": 68.18181818181817
    },
    "2021-10": {
      "trades": 54,
      "wins": 38,
      "pnl": 229.96269999999998,
      "win_rate": 70.37037037037037
    },
    "2021-11": {
      "trades": 10,
      "wins": 6,
      "pnl": 1.8007000000000062,
      "win_rate": 60.0
    },
    "2021-12": {
      "trades": 36,
      "wins": 22,
      "pnl": 43.904099999999985,
      "win_rate": 61.111111111111114
    },
    "2022-01": {
      "trades": 50,
      "wins": 37,
      "pnl": 190.4373,
      "win_rate": 74.0
    },
    "2022-02": {
      "trades": 46,
      "wins": 36,
      "pnl": 230.05360000000005,
      "win_rate": 78.26086956521739
    },
    "2022-03": {
      "trades": 16,
      "wins": 8,
      "pnl": 25.564799999999998,
      "win_rate": 50.0
    },
    "2022-04": {
      "trades": 32,
      "wins": 17,
      "pnl": -9.721900000000002,
      "win_rate": 53.125
    },
    "2022-05": {
      "trades": 65,
      "wins": 48,
      "pnl": 284.9593,
      "win_rate": 73.84615384615385
    },
    "2022-06": {
      "trades": 46,
      "wins": 30,
      "pnl": 121.66589999999997,
      "win_rate": 65.21739130434783
    },
    "2022-07": {
      "trades": 78,
      "wins": 59,
      "pnl": 393.8245000000001,
      "win_rate": 75.64102564102564
    },
    "2022-09": {
      "trades": 48,
      "wins": 41,
      "pnl": 321.46139999999997,
      "win_rate": 85.41666666666666
    },
    "2022-10": {
      "trades": 26,
      "wins": 17,
      "pnl": 71.7611,